lease_id,property_id,tenant_id,tenant_segment,lease_start_date,lease_end_date,monthly_rent,security_deposit,lease_status
L5001,P1001,T001,Residential,2024-01-01,2026-12-31,45000.00,135000.00,Active
L5002,P1001,T002,Residential,2023-07-01,2026-06-30,42500.00,127500.00,Active
L5003,P1001,T003,Residential,2022-04-01,2025-03-31,39000.00,117000.00,Expired
L5004,P1002,T004,Banking,2023-01-01,2028-12-31,850000.00,2550000.00,Active
L5005,P1002,T005,Insurance,2024-04-01,2029-03-31,620000.00,1860000.00,Active
L5006,P1003,T006,Retail,2024-06-01,2027-05-31,210000.00,630000.00,Active
L5007,P1003,T007,Retail,2021-01-01,2023-12-31,175000.00,525000.00,Expired
L5008,P1004,T008,Logistics,2022-10-01,2027-09-30,540000.00,1620000.00,Active
L5009,P1004,T009,Logistics,2025-01-01,2030-12-31,610000.00,1830000.00,Active
